--------------------------------------------------------
--  File created - viernes-marzo-10-2023   
--------------------------------------------------------
--------------------------------------------------------
--  DDL for Sequence AIRLINE_SEQ
--------------------------------------------------------

   CREATE SEQUENCE  "AGENCIATA"."AIRLINE_SEQ"  MINVALUE 1 MAXVALUE 9999999999999999999999999999 INCREMENT BY 1 START WITH 242 CACHE 20 NOORDER  NOCYCLE  NOKEEP  NOSCALE  GLOBAL ;
--------------------------------------------------------
--  DDL for Sequence CITY_SEQ
--------------------------------------------------------

   CREATE SEQUENCE  "AGENCIATA"."CITY_SEQ"  MINVALUE 1 MAXVALUE 9999999999999999999999999999 INCREMENT BY 1 START WITH 163 CACHE 20 NOORDER  NOCYCLE  NOKEEP  NOSCALE  GLOBAL ;
--------------------------------------------------------
--  DDL for Sequence FLIGHT_SEQ
--------------------------------------------------------

   CREATE SEQUENCE  "AGENCIATA"."FLIGHT_SEQ"  MINVALUE 1 MAXVALUE 9999999999999999999999999999 INCREMENT BY 1 START WITH 304 CACHE 20 NOORDER  NOCYCLE  NOKEEP  NOSCALE  GLOBAL ;
--------------------------------------------------------
--  DDL for Sequence HOTEL_SEQ
--------------------------------------------------------

   CREATE SEQUENCE  "AGENCIATA"."HOTEL_SEQ"  MINVALUE 1 MAXVALUE 9999999999999999999999 INCREMENT BY 1 START WITH 481 CACHE 20 NOORDER  NOCYCLE  NOKEEP  NOSCALE  GLOBAL ;
--------------------------------------------------------
--  DDL for Sequence ROOM_SEQ
--------------------------------------------------------

   CREATE SEQUENCE  "AGENCIATA"."ROOM_SEQ"  MINVALUE 1 MAXVALUE 9999999999999999999 INCREMENT BY 1 START WITH 44 NOCACHE  NOORDER  NOCYCLE  NOKEEP  NOSCALE  GLOBAL ;
--------------------------------------------------------
--  DDL for Sequence SEQUENCE_PERMISSION
--------------------------------------------------------

   CREATE SEQUENCE  "AGENCIATA"."SEQUENCE_PERMISSION"  MINVALUE 1 MAXVALUE 99999999999 INCREMENT BY 1 START WITH 13 NOCACHE  NOORDER  NOCYCLE  NOKEEP  NOSCALE  GLOBAL ;
--------------------------------------------------------
--  DDL for Sequence SEQUENCE_RESERVATIONS
--------------------------------------------------------

   CREATE SEQUENCE  "AGENCIATA"."SEQUENCE_RESERVATIONS"  MINVALUE 1 MAXVALUE 999999999999 INCREMENT BY 1 START WITH 124 NOCACHE  NOORDER  NOCYCLE  NOKEEP  NOSCALE  GLOBAL ;
--------------------------------------------------------
--  DDL for Sequence SEQUENCE_ROLE
--------------------------------------------------------

   CREATE SEQUENCE  "AGENCIATA"."SEQUENCE_ROLE"  MINVALUE 1 MAXVALUE 999999999999 INCREMENT BY 1 START WITH 79 NOCACHE  NOORDER  NOCYCLE  NOKEEP  NOSCALE  GLOBAL ;
--------------------------------------------------------
--  DDL for Sequence SEQUENCE_USER
--------------------------------------------------------

   CREATE SEQUENCE  "AGENCIATA"."SEQUENCE_USER"  MINVALUE 1 MAXVALUE 99999999999 INCREMENT BY 1 START WITH 24 NOCACHE  NOORDER  NOCYCLE  NOKEEP  NOSCALE  GLOBAL ;
--------------------------------------------------------
--  DDL for Sequence SEQ_ROLEPERM
--------------------------------------------------------

   CREATE SEQUENCE  "AGENCIATA"."SEQ_ROLEPERM"  MINVALUE 1 MAXVALUE 99999999 INCREMENT BY 1 START WITH 28 NOCACHE  NOORDER  NOCYCLE  NOKEEP  NOSCALE  GLOBAL ;
--------------------------------------------------------
--  DDL for Table AIRLINE_TA
--------------------------------------------------------

  CREATE TABLE "AGENCIATA"."AIRLINE_TA" 
   (	"ID_AIRLINE" NUMBER(*,0), 
	"NAME" VARCHAR2(50 BYTE)
   ) SEGMENT CREATION IMMEDIATE 
  PCTFREE 10 PCTUSED 40 INITRANS 1 MAXTRANS 255 
 NOCOMPRESS LOGGING
  STORAGE(INITIAL 65536 NEXT 1048576 MINEXTENTS 1 MAXEXTENTS 2147483645
  PCTINCREASE 0 FREELISTS 1 FREELIST GROUPS 1
  BUFFER_POOL DEFAULT FLASH_CACHE DEFAULT CELL_FLASH_CACHE DEFAULT)
  TABLESPACE "USERS" ;
--------------------------------------------------------
--  DDL for Table CITIES_TA
--------------------------------------------------------

  CREATE TABLE "AGENCIATA"."CITIES_TA" 
   (	"ID_CITIE" NUMBER(*,0), 
	"NAME" VARCHAR2(50 BYTE), 
	"CONTINENT_NAME" VARCHAR2(50 BYTE)
   ) SEGMENT CREATION IMMEDIATE 
  PCTFREE 10 PCTUSED 40 INITRANS 1 MAXTRANS 255 
 NOCOMPRESS LOGGING
  STORAGE(INITIAL 65536 NEXT 1048576 MINEXTENTS 1 MAXEXTENTS 2147483645
  PCTINCREASE 0 FREELISTS 1 FREELIST GROUPS 1
  BUFFER_POOL DEFAULT FLASH_CACHE DEFAULT CELL_FLASH_CACHE DEFAULT)
  TABLESPACE "USERS" ;
--------------------------------------------------------
--  DDL for Table FLIGHTS_TA
--------------------------------------------------------

  CREATE TABLE "AGENCIATA"."FLIGHTS_TA" 
   (	"ID_FLIGHTS" NUMBER(10,0), 
	"FK_IDCITIE_ORIGIN" NUMBER(8,0), 
	"FK_IDCITIE_DESTINATION" NUMBER(8,0), 
	"FK_IDAIRLINE" NUMBER(8,0), 
	"STATUS" NUMBER(1,0), 
	"DEPARTURE_TIME" TIMESTAMP (6), 
	"ARRIVAL_TIME" TIMESTAMP (6), 
	"COST" NUMBER(12,3), 
	"CODIGO" VARCHAR2(20 BYTE)
   ) SEGMENT CREATION IMMEDIATE 
  PCTFREE 10 PCTUSED 40 INITRANS 1 MAXTRANS 255 
 NOCOMPRESS LOGGING
  STORAGE(INITIAL 65536 NEXT 1048576 MINEXTENTS 1 MAXEXTENTS 2147483645
  PCTINCREASE 0 FREELISTS 1 FREELIST GROUPS 1
  BUFFER_POOL DEFAULT FLASH_CACHE DEFAULT CELL_FLASH_CACHE DEFAULT)
  TABLESPACE "USERS" ;

   COMMENT ON COLUMN "AGENCIATA"."FLIGHTS_TA"."STATUS" IS '(1,2,3)';
--------------------------------------------------------
--  DDL for Table HOTELS_TA
--------------------------------------------------------

  CREATE TABLE "AGENCIATA"."HOTELS_TA" 
   (	"IDHOTEL" NUMBER(*,0), 
	"NAME" VARCHAR2(50 BYTE), 
	"ADDRESS" VARCHAR2(50 BYTE), 
	"LOGO" BLOB, 
	"STATUS" NUMBER(1,0), 
	"CODE" VARCHAR2(20 BYTE), 
	"CITY_DESTINATION" NUMBER
   ) SEGMENT CREATION IMMEDIATE 
  PCTFREE 10 PCTUSED 40 INITRANS 1 MAXTRANS 255 
 NOCOMPRESS LOGGING
  STORAGE(INITIAL 65536 NEXT 1048576 MINEXTENTS 1 MAXEXTENTS 2147483645
  PCTINCREASE 0 FREELISTS 1 FREELIST GROUPS 1
  BUFFER_POOL DEFAULT FLASH_CACHE DEFAULT CELL_FLASH_CACHE DEFAULT)
  TABLESPACE "USERS" 
 LOB ("LOGO") STORE AS SECUREFILE (
  TABLESPACE "USERS" ENABLE STORAGE IN ROW CHUNK 8192
  NOCACHE LOGGING  NOCOMPRESS  KEEP_DUPLICATES 
  STORAGE(INITIAL 106496 NEXT 1048576 MINEXTENTS 1 MAXEXTENTS 2147483645
  PCTINCREASE 0
  BUFFER_POOL DEFAULT FLASH_CACHE DEFAULT CELL_FLASH_CACHE DEFAULT)) ;
--------------------------------------------------------
--  DDL for Table PERMISSION_TA
--------------------------------------------------------

  CREATE TABLE "AGENCIATA"."PERMISSION_TA" 
   (	"IDPERMISSION" NUMBER(*,0), 
	"DESCRIPTION" VARCHAR2(100 BYTE), 
	"NODO" VARCHAR2(20 BYTE)
   ) SEGMENT CREATION IMMEDIATE 
  PCTFREE 10 PCTUSED 40 INITRANS 1 MAXTRANS 255 
 NOCOMPRESS LOGGING
  STORAGE(INITIAL 65536 NEXT 1048576 MINEXTENTS 1 MAXEXTENTS 2147483645
  PCTINCREASE 0 FREELISTS 1 FREELIST GROUPS 1
  BUFFER_POOL DEFAULT FLASH_CACHE DEFAULT CELL_FLASH_CACHE DEFAULT)
  TABLESPACE "USERS" ;
--------------------------------------------------------
--  DDL for Table RESERVATION_TA
--------------------------------------------------------

  CREATE TABLE "AGENCIATA"."RESERVATION_TA" 
   (	"IDRESERVATION" NUMBER(*,0), 
	"FK_IDFLIGHTS" NUMBER(*,0), 
	"FK_IDROOM" NUMBER(*,0), 
	"NAME" VARCHAR2(50 BYTE), 
	"LASTNAME_DAD" VARCHAR2(50 BYTE), 
	"LASNAME_MON" VARCHAR2(50 BYTE), 
	"DESCRIPTION" VARCHAR2(100 BYTE), 
	"CREATE_DATE" TIMESTAMP (6), 
	"START_DATE" TIMESTAMP (6), 
	"END_DATE" TIMESTAMP (6), 
	"FK_IDUSER" NUMBER(*,0)
   ) SEGMENT CREATION IMMEDIATE 
  PCTFREE 10 PCTUSED 40 INITRANS 1 MAXTRANS 255 
 NOCOMPRESS LOGGING
  STORAGE(INITIAL 65536 NEXT 1048576 MINEXTENTS 1 MAXEXTENTS 2147483645
  PCTINCREASE 0 FREELISTS 1 FREELIST GROUPS 1
  BUFFER_POOL DEFAULT FLASH_CACHE DEFAULT CELL_FLASH_CACHE DEFAULT)
  TABLESPACE "USERS" ;
--------------------------------------------------------
--  DDL for Table ROLEPERMISSION_TA
--------------------------------------------------------

  CREATE TABLE "AGENCIATA"."ROLEPERMISSION_TA" 
   (	"IDROLEPERM" NUMBER, 
	"FK_IDROLE" NUMBER, 
	"FK_IDPERMISSION" NUMBER
   ) SEGMENT CREATION IMMEDIATE 
  PCTFREE 10 PCTUSED 40 INITRANS 1 MAXTRANS 255 
 NOCOMPRESS LOGGING
  STORAGE(INITIAL 65536 NEXT 1048576 MINEXTENTS 1 MAXEXTENTS 2147483645
  PCTINCREASE 0 FREELISTS 1 FREELIST GROUPS 1
  BUFFER_POOL DEFAULT FLASH_CACHE DEFAULT CELL_FLASH_CACHE DEFAULT)
  TABLESPACE "USERS" ;
--------------------------------------------------------
--  DDL for Table ROLE_TA
--------------------------------------------------------

  CREATE TABLE "AGENCIATA"."ROLE_TA" 
   (	"IDROLE" NUMBER(*,0), 
	"TIPOROLE" VARCHAR2(50 BYTE)
   ) SEGMENT CREATION IMMEDIATE 
  PCTFREE 10 PCTUSED 40 INITRANS 1 MAXTRANS 255 
 NOCOMPRESS LOGGING
  STORAGE(INITIAL 65536 NEXT 1048576 MINEXTENTS 1 MAXEXTENTS 2147483645
  PCTINCREASE 0 FREELISTS 1 FREELIST GROUPS 1
  BUFFER_POOL DEFAULT FLASH_CACHE DEFAULT CELL_FLASH_CACHE DEFAULT)
  TABLESPACE "USERS" ;
--------------------------------------------------------
--  DDL for Table ROOMS_TA
--------------------------------------------------------

  CREATE TABLE "AGENCIATA"."ROOMS_TA" 
   (	"IDROOM" NUMBER(*,0), 
	"NAME" VARCHAR2(50 BYTE), 
	"DESCRIPTION" VARCHAR2(100 BYTE), 
	"NO_PEOPLE" NUMBER(*,0), 
	"STATUS" NUMBER(1,0), 
	"FK_IDHOTEL" NUMBER(*,0), 
	"PRICE" FLOAT(126), 
	"CODE" VARCHAR2(20 BYTE)
   ) SEGMENT CREATION IMMEDIATE 
  PCTFREE 10 PCTUSED 40 INITRANS 1 MAXTRANS 255 
 NOCOMPRESS LOGGING
  STORAGE(INITIAL 65536 NEXT 1048576 MINEXTENTS 1 MAXEXTENTS 2147483645
  PCTINCREASE 0 FREELISTS 1 FREELIST GROUPS 1
  BUFFER_POOL DEFAULT FLASH_CACHE DEFAULT CELL_FLASH_CACHE DEFAULT)
  TABLESPACE "USERS" ;
--------------------------------------------------------
--  DDL for Table USERS_TA
--------------------------------------------------------

  CREATE TABLE "AGENCIATA"."USERS_TA" 
   (	"IDUSER" NUMBER(*,0), 
	"NAME" VARCHAR2(50 BYTE), 
	"LASTNAME_DAD" VARCHAR2(50 BYTE), 
	"LASTNAME_MOM" VARCHAR2(50 BYTE), 
	"FK_IDROLE" NUMBER(*,0), 
	"TOKEN" VARCHAR2(20 BYTE)
   ) SEGMENT CREATION IMMEDIATE 
  PCTFREE 10 PCTUSED 40 INITRANS 1 MAXTRANS 255 
 NOCOMPRESS LOGGING
  STORAGE(INITIAL 65536 NEXT 1048576 MINEXTENTS 1 MAXEXTENTS 2147483645
  PCTINCREASE 0 FREELISTS 1 FREELIST GROUPS 1
  BUFFER_POOL DEFAULT FLASH_CACHE DEFAULT CELL_FLASH_CACHE DEFAULT)
  TABLESPACE "USERS" ;
REM INSERTING into AGENCIATA.AIRLINE_TA
SET DEFINE OFF;
Insert into AGENCIATA.AIRLINE_TA (ID_AIRLINE,NAME) values (63,'UPDATE');
Insert into AGENCIATA.AIRLINE_TA (ID_AIRLINE,NAME) values (2,'AEROMEXICO');
Insert into AGENCIATA.AIRLINE_TA (ID_AIRLINE,NAME) values (3,'VOLAMEX');
Insert into AGENCIATA.AIRLINE_TA (ID_AIRLINE,NAME) values (43,'AIRLINE');
Insert into AGENCIATA.AIRLINE_TA (ID_AIRLINE,NAME) values (82,'CLIC');
Insert into AGENCIATA.AIRLINE_TA (ID_AIRLINE,NAME) values (83,'VOL');
Insert into AGENCIATA.AIRLINE_TA (ID_AIRLINE,NAME) values (142,'MON');
Insert into AGENCIATA.AIRLINE_TA (ID_AIRLINE,NAME) values (202,'MEXAIR');
Insert into AGENCIATA.AIRLINE_TA (ID_AIRLINE,NAME) values (42,'AEROLINEA BIENESTAR');
Insert into AGENCIATA.AIRLINE_TA (ID_AIRLINE,NAME) values (143,'MIN');
Insert into AGENCIATA.AIRLINE_TA (ID_AIRLINE,NAME) values (184,'MOLL');
Insert into AGENCIATA.AIRLINE_TA (ID_AIRLINE,NAME) values (22,'VOLARIS');
Insert into AGENCIATA.AIRLINE_TA (ID_AIRLINE,NAME) values (64,'INTERJET');
Insert into AGENCIATA.AIRLINE_TA (ID_AIRLINE,NAME) values (102,'AEROCAP');
Insert into AGENCIATA.AIRLINE_TA (ID_AIRLINE,NAME) values (162,'VIVA');
REM INSERTING into AGENCIATA.CITIES_TA
SET DEFINE OFF;
Insert into AGENCIATA.CITIES_TA (ID_CITIE,NAME,CONTINENT_NAME) values (2,'IRAPUATO UPX','AMÉRICA');
Insert into AGENCIATA.CITIES_TA (ID_CITIE,NAME,CONTINENT_NAME) values (83,'MALTA','EUROPA');
Insert into AGENCIATA.CITIES_TA (ID_CITIE,NAME,CONTINENT_NAME) values (6,'ZACATECAS','AMERICA');
Insert into AGENCIATA.CITIES_TA (ID_CITIE,NAME,CONTINENT_NAME) values (8,'LAGOS DE MORENO','AMERICA');
Insert into AGENCIATA.CITIES_TA (ID_CITIE,NAME,CONTINENT_NAME) values (3,'GUANAJUATO','AMERICA');
Insert into AGENCIATA.CITIES_TA (ID_CITIE,NAME,CONTINENT_NAME) values (4,'JALISCO','AMERICA');
Insert into AGENCIATA.CITIES_TA (ID_CITIE,NAME,CONTINENT_NAME) values (24,'SAN JUAN DE LOS LAGOS','EUROPA');
Insert into AGENCIATA.CITIES_TA (ID_CITIE,NAME,CONTINENT_NAME) values (143,'GUADALAJARA','AMÉRICA');
Insert into AGENCIATA.CITIES_TA (ID_CITIE,NAME,CONTINENT_NAME) values (23,'SAN JUAN DE LOS LAGOS','AMERICA');
Insert into AGENCIATA.CITIES_TA (ID_CITIE,NAME,CONTINENT_NAME) values (1,'PARIS','EUROPA');
Insert into AGENCIATA.CITIES_TA (ID_CITIE,NAME,CONTINENT_NAME) values (43,'LONDRES','EUROPA');
Insert into AGENCIATA.CITIES_TA (ID_CITIE,NAME,CONTINENT_NAME) values (63,'LEÓN','AMÉRICA');
Insert into AGENCIATA.CITIES_TA (ID_CITIE,NAME,CONTINENT_NAME) values (64,'AGUASCALIENTES','AMÉRICA');
Insert into AGENCIATA.CITIES_TA (ID_CITIE,NAME,CONTINENT_NAME) values (123,'CULIACÁN','AMÉRICA');
REM INSERTING into AGENCIATA.FLIGHTS_TA
SET DEFINE OFF;
Insert into AGENCIATA.FLIGHTS_TA (ID_FLIGHTS,FK_IDCITIE_ORIGIN,FK_IDCITIE_DESTINATION,FK_IDAIRLINE,STATUS,DEPARTURE_TIME,ARRIVAL_TIME,COST,CODIGO) values (3,6,64,2,0,to_timestamp('17-FEB-23 05.15.00.000000000 PM','DD-MON-RR HH.MI.SSXFF AM'),to_timestamp('17-FEB-23 07.15.00.000000000 PM','DD-MON-RR HH.MI.SSXFF AM'),123.56,'6756FG');
Insert into AGENCIATA.FLIGHTS_TA (ID_FLIGHTS,FK_IDCITIE_ORIGIN,FK_IDCITIE_DESTINATION,FK_IDAIRLINE,STATUS,DEPARTURE_TIME,ARRIVAL_TIME,COST,CODIGO) values (1,1,3,2,1,to_timestamp('26-JAN-23 03.06.16.433362000 PM','DD-MON-RR HH.MI.SSXFF AM'),to_timestamp('28-JAN-23 03.06.19.602986000 PM','DD-MON-RR HH.MI.SSXFF AM'),123,'65GHT');
Insert into AGENCIATA.FLIGHTS_TA (ID_FLIGHTS,FK_IDCITIE_ORIGIN,FK_IDCITIE_DESTINATION,FK_IDAIRLINE,STATUS,DEPARTURE_TIME,ARRIVAL_TIME,COST,CODIGO) values (184,3,8,82,1,to_timestamp('13-FEB-23 04.02.00.000000000 PM','DD-MON-RR HH.MI.SSXFF AM'),to_timestamp('13-FEB-23 04.02.00.000000000 PM','DD-MON-RR HH.MI.SSXFF AM'),1,'lmn356');
Insert into AGENCIATA.FLIGHTS_TA (ID_FLIGHTS,FK_IDCITIE_ORIGIN,FK_IDCITIE_DESTINATION,FK_IDAIRLINE,STATUS,DEPARTURE_TIME,ARRIVAL_TIME,COST,CODIGO) values (186,8,6,82,1,to_timestamp('13-FEB-23 04.06.00.000000000 PM','DD-MON-RR HH.MI.SSXFF AM'),to_timestamp('13-FEB-23 04.06.00.000000000 PM','DD-MON-RR HH.MI.SSXFF AM'),300.53,'lmn310');
Insert into AGENCIATA.FLIGHTS_TA (ID_FLIGHTS,FK_IDCITIE_ORIGIN,FK_IDCITIE_DESTINATION,FK_IDAIRLINE,STATUS,DEPARTURE_TIME,ARRIVAL_TIME,COST,CODIGO) values (204,8,3,102,1,to_timestamp('07-FEB-23 01.01.00.000000000 PM','DD-MON-RR HH.MI.SSXFF AM'),to_timestamp('15-FEB-23 01.02.00.000000000 PM','DD-MON-RR HH.MI.SSXFF AM'),300,'SIL09');
Insert into AGENCIATA.FLIGHTS_TA (ID_FLIGHTS,FK_IDCITIE_ORIGIN,FK_IDCITIE_DESTINATION,FK_IDAIRLINE,STATUS,DEPARTURE_TIME,ARRIVAL_TIME,COST,CODIGO) values (232,24,83,143,1,to_timestamp('14-FEB-23 06.50.00.000000000 PM','DD-MON-RR HH.MI.SSXFF AM'),to_timestamp('14-FEB-23 07.51.00.000000000 PM','DD-MON-RR HH.MI.SSXFF AM'),678,'SX43');
Insert into AGENCIATA.FLIGHTS_TA (ID_FLIGHTS,FK_IDCITIE_ORIGIN,FK_IDCITIE_DESTINATION,FK_IDAIRLINE,STATUS,DEPARTURE_TIME,ARRIVAL_TIME,COST,CODIGO) values (233,6,4,22,1,to_timestamp('14-FEB-23 05.50.00.000000000 PM','DD-MON-RR HH.MI.SSXFF AM'),to_timestamp('15-FEB-23 05.52.00.000000000 PM','DD-MON-RR HH.MI.SSXFF AM'),900,'fcre4');
Insert into AGENCIATA.FLIGHTS_TA (ID_FLIGHTS,FK_IDCITIE_ORIGIN,FK_IDCITIE_DESTINATION,FK_IDAIRLINE,STATUS,DEPARTURE_TIME,ARRIVAL_TIME,COST,CODIGO) values (234,143,2,64,1,to_timestamp('14-FEB-23 05.51.00.000000000 PM','DD-MON-RR HH.MI.SSXFF AM'),to_timestamp('14-FEB-23 06.11.00.000000000 PM','DD-MON-RR HH.MI.SSXFF AM'),800,' TR5');
Insert into AGENCIATA.FLIGHTS_TA (ID_FLIGHTS,FK_IDCITIE_ORIGIN,FK_IDCITIE_DESTINATION,FK_IDAIRLINE,STATUS,DEPARTURE_TIME,ARRIVAL_TIME,COST,CODIGO) values (230,6,143,102,1,to_timestamp('14-FEB-23 06.00.00.000000000 PM','DD-MON-RR HH.MI.SSXFF AM'),to_timestamp('14-FEB-23 06.21.00.000000000 PM','DD-MON-RR HH.MI.SSXFF AM'),900,'5468');
Insert into AGENCIATA.FLIGHTS_TA (ID_FLIGHTS,FK_IDCITIE_ORIGIN,FK_IDCITIE_DESTINATION,FK_IDAIRLINE,STATUS,DEPARTURE_TIME,ARRIVAL_TIME,COST,CODIGO) values (64,2,6,2,1,to_timestamp('30-JAN-23 11.09.03.820085000 AM','DD-MON-RR HH.MI.SSXFF AM'),to_timestamp('31-JAN-23 11.09.03.820085000 AM','DD-MON-RR HH.MI.SSXFF AM'),1000,'AERM02');
Insert into AGENCIATA.FLIGHTS_TA (ID_FLIGHTS,FK_IDCITIE_ORIGIN,FK_IDCITIE_DESTINATION,FK_IDAIRLINE,STATUS,DEPARTURE_TIME,ARRIVAL_TIME,COST,CODIGO) values (185,8,6,3,1,to_timestamp('13-FEB-23 04.04.00.000000000 PM','DD-MON-RR HH.MI.SSXFF AM'),to_timestamp('13-FEB-23 04.04.00.000000000 PM','DD-MON-RR HH.MI.SSXFF AM'),-123,'lmn359');
Insert into AGENCIATA.FLIGHTS_TA (ID_FLIGHTS,FK_IDCITIE_ORIGIN,FK_IDCITIE_DESTINATION,FK_IDAIRLINE,STATUS,DEPARTURE_TIME,ARRIVAL_TIME,COST,CODIGO) values (231,24,143,202,1,to_timestamp('14-FEB-23 06.50.00.000000000 PM','DD-MON-RR HH.MI.SSXFF AM'),to_timestamp('14-FEB-23 07.30.00.000000000 PM','DD-MON-RR HH.MI.SSXFF AM'),876,'ED54');
Insert into AGENCIATA.FLIGHTS_TA (ID_FLIGHTS,FK_IDCITIE_ORIGIN,FK_IDCITIE_DESTINATION,FK_IDAIRLINE,STATUS,DEPARTURE_TIME,ARRIVAL_TIME,COST,CODIGO) values (244,4,6,2,1,to_timestamp('17-FEB-23 03.02.00.000000000 PM','DD-MON-RR HH.MI.SSXFF AM'),to_timestamp('17-FEB-23 03.25.00.000000000 PM','DD-MON-RR HH.MI.SSXFF AM'),100,'LOK90');
Insert into AGENCIATA.FLIGHTS_TA (ID_FLIGHTS,FK_IDCITIE_ORIGIN,FK_IDCITIE_DESTINATION,FK_IDAIRLINE,STATUS,DEPARTURE_TIME,ARRIVAL_TIME,COST,CODIGO) values (84,8,6,22,1,to_timestamp('30-JAN-23 11.09.03.820085000 AM','DD-MON-RR HH.MI.SSXFF AM'),to_timestamp('31-JAN-23 11.09.03.820085000 AM','DD-MON-RR HH.MI.SSXFF AM'),2000,'VOL203');
Insert into AGENCIATA.FLIGHTS_TA (ID_FLIGHTS,FK_IDCITIE_ORIGIN,FK_IDCITIE_DESTINATION,FK_IDAIRLINE,STATUS,DEPARTURE_TIME,ARRIVAL_TIME,COST,CODIGO) values (124,2,8,22,1,to_timestamp('30-JAN-23 11.09.03.820085000 AM','DD-MON-RR HH.MI.SSXFF AM'),to_timestamp('31-JAN-23 11.09.03.820085000 AM','DD-MON-RR HH.MI.SSXFF AM'),2000,'AML08');
Insert into AGENCIATA.FLIGHTS_TA (ID_FLIGHTS,FK_IDCITIE_ORIGIN,FK_IDCITIE_DESTINATION,FK_IDAIRLINE,STATUS,DEPARTURE_TIME,ARRIVAL_TIME,COST,CODIGO) values (164,83,6,64,1,to_timestamp('01-FEB-23 12.36.00.000000000 PM','DD-MON-RR HH.MI.SSXFF AM'),to_timestamp('02-FEB-23 12.37.00.000000000 PM','DD-MON-RR HH.MI.SSXFF AM'),89,'INT08');
Insert into AGENCIATA.FLIGHTS_TA (ID_FLIGHTS,FK_IDCITIE_ORIGIN,FK_IDCITIE_DESTINATION,FK_IDAIRLINE,STATUS,DEPARTURE_TIME,ARRIVAL_TIME,COST,CODIGO) values (225,24,63,162,1,to_timestamp('14-FEB-23 05.25.00.000000000 PM','DD-MON-RR HH.MI.SSXFF AM'),to_timestamp('14-FEB-23 05.30.00.000000000 PM','DD-MON-RR HH.MI.SSXFF AM'),900,'MON98');
Insert into AGENCIATA.FLIGHTS_TA (ID_FLIGHTS,FK_IDCITIE_ORIGIN,FK_IDCITIE_DESTINATION,FK_IDAIRLINE,STATUS,DEPARTURE_TIME,ARRIVAL_TIME,COST,CODIGO) values (205,83,43,82,1,to_timestamp('07-FEB-23 01.15.00.000000000 PM','DD-MON-RR HH.MI.SSXFF AM'),to_timestamp('15-FEB-23 01.15.00.000000000 PM','DD-MON-RR HH.MI.SSXFF AM'),1000,'CLI09');
Insert into AGENCIATA.FLIGHTS_TA (ID_FLIGHTS,FK_IDCITIE_ORIGIN,FK_IDCITIE_DESTINATION,FK_IDAIRLINE,STATUS,DEPARTURE_TIME,ARRIVAL_TIME,COST,CODIGO) values (224,83,24,22,1,to_timestamp('14-FEB-23 05.20.00.000000000 PM','DD-MON-RR HH.MI.SSXFF AM'),to_timestamp('14-FEB-23 05.30.00.000000000 PM','DD-MON-RR HH.MI.SSXFF AM'),870,'PLOI87');
Insert into AGENCIATA.FLIGHTS_TA (ID_FLIGHTS,FK_IDCITIE_ORIGIN,FK_IDCITIE_DESTINATION,FK_IDAIRLINE,STATUS,DEPARTURE_TIME,ARRIVAL_TIME,COST,CODIGO) values (226,23,3,102,1,to_timestamp('14-FEB-23 05.25.00.000000000 PM','DD-MON-RR HH.MI.SSXFF AM'),to_timestamp('14-FEB-23 05.30.00.000000000 PM','DD-MON-RR HH.MI.SSXFF AM'),900,'AE432');
Insert into AGENCIATA.FLIGHTS_TA (ID_FLIGHTS,FK_IDCITIE_ORIGIN,FK_IDCITIE_DESTINATION,FK_IDAIRLINE,STATUS,DEPARTURE_TIME,ARRIVAL_TIME,COST,CODIGO) values (227,4,1,22,1,to_timestamp('14-FEB-23 05.25.00.000000000 PM','DD-MON-RR HH.MI.SSXFF AM'),to_timestamp('14-FEB-23 05.30.00.000000000 PM','DD-MON-RR HH.MI.SSXFF AM'),900,'ALO09');
Insert into AGENCIATA.FLIGHTS_TA (ID_FLIGHTS,FK_IDCITIE_ORIGIN,FK_IDCITIE_DESTINATION,FK_IDAIRLINE,STATUS,DEPARTURE_TIME,ARRIVAL_TIME,COST,CODIGO) values (228,23,2,162,1,to_timestamp('14-FEB-23 05.30.00.000000000 PM','DD-MON-RR HH.MI.SSXFF AM'),to_timestamp('14-FEB-23 05.35.00.000000000 PM','DD-MON-RR HH.MI.SSXFF AM'),900,'890');
Insert into AGENCIATA.FLIGHTS_TA (ID_FLIGHTS,FK_IDCITIE_ORIGIN,FK_IDCITIE_DESTINATION,FK_IDAIRLINE,STATUS,DEPARTURE_TIME,ARRIVAL_TIME,COST,CODIGO) values (229,3,143,162,1,to_timestamp('14-FEB-23 05.37.00.000000000 PM','DD-MON-RR HH.MI.SSXFF AM'),to_timestamp('14-FEB-23 05.40.00.000000000 PM','DD-MON-RR HH.MI.SSXFF AM'),900,'987');
Insert into AGENCIATA.FLIGHTS_TA (ID_FLIGHTS,FK_IDCITIE_ORIGIN,FK_IDCITIE_DESTINATION,FK_IDAIRLINE,STATUS,DEPARTURE_TIME,ARRIVAL_TIME,COST,CODIGO) values (2,2,4,2,1,to_timestamp('30-JAN-23 01.41.14.240405000 PM','DD-MON-RR HH.MI.SSXFF AM'),to_timestamp('31-JAN-23 01.41.17.082940000 PM','DD-MON-RR HH.MI.SSXFF AM'),1234,'6757GH');
Insert into AGENCIATA.FLIGHTS_TA (ID_FLIGHTS,FK_IDCITIE_ORIGIN,FK_IDCITIE_DESTINATION,FK_IDAIRLINE,STATUS,DEPARTURE_TIME,ARRIVAL_TIME,COST,CODIGO) values (264,8,8,162,1,to_timestamp('17-FEB-23 05.30.00.000000000 PM','DD-MON-RR HH.MI.SSXFF AM'),to_timestamp('17-FEB-23 06.43.00.000000000 PM','DD-MON-RR HH.MI.SSXFF AM'),2000,'VIV987');
Insert into AGENCIATA.FLIGHTS_TA (ID_FLIGHTS,FK_IDCITIE_ORIGIN,FK_IDCITIE_DESTINATION,FK_IDAIRLINE,STATUS,DEPARTURE_TIME,ARRIVAL_TIME,COST,CODIGO) values (104,83,6,42,1,to_timestamp('30-JAN-23 11.09.03.820085000 AM','DD-MON-RR HH.MI.SSXFF AM'),to_timestamp('31-JAN-23 11.09.03.820085000 AM','DD-MON-RR HH.MI.SSXFF AM'),9000,'AML09');
Insert into AGENCIATA.FLIGHTS_TA (ID_FLIGHTS,FK_IDCITIE_ORIGIN,FK_IDCITIE_DESTINATION,FK_IDAIRLINE,STATUS,DEPARTURE_TIME,ARRIVAL_TIME,COST,CODIGO) values (144,63,1,2,1,to_timestamp('08-FEB-23 02.30.00.000000000 PM','DD-MON-RR HH.MI.SSXFF AM'),to_timestamp('08-FEB-23 06.30.00.000000000 PM','DD-MON-RR HH.MI.SSXFF AM'),1000,'AERM0');
Insert into AGENCIATA.FLIGHTS_TA (ID_FLIGHTS,FK_IDCITIE_ORIGIN,FK_IDCITIE_DESTINATION,FK_IDAIRLINE,STATUS,DEPARTURE_TIME,ARRIVAL_TIME,COST,CODIGO) values (206,83,3,102,1,to_timestamp('14-FEB-23 04.00.00.000000000 PM','DD-MON-RR HH.MI.SSXFF AM'),to_timestamp('14-FEB-23 04.02.00.000000000 PM','DD-MON-RR HH.MI.SSXFF AM'),900,'ALKO');
Insert into AGENCIATA.FLIGHTS_TA (ID_FLIGHTS,FK_IDCITIE_ORIGIN,FK_IDCITIE_DESTINATION,FK_IDAIRLINE,STATUS,DEPARTURE_TIME,ARRIVAL_TIME,COST,CODIGO) values (207,83,143,3,1,to_timestamp('14-FEB-23 04.32.00.000000000 PM','DD-MON-RR HH.MI.SSXFF AM'),to_timestamp('14-FEB-23 04.35.00.000000000 PM','DD-MON-RR HH.MI.SSXFF AM'),988,'MOL65');
Insert into AGENCIATA.FLIGHTS_TA (ID_FLIGHTS,FK_IDCITIE_ORIGIN,FK_IDCITIE_DESTINATION,FK_IDAIRLINE,STATUS,DEPARTURE_TIME,ARRIVAL_TIME,COST,CODIGO) values (208,8,143,102,1,to_timestamp('14-FEB-23 04.35.00.000000000 PM','DD-MON-RR HH.MI.SSXFF AM'),to_timestamp('14-FEB-23 04.40.00.000000000 PM','DD-MON-RR HH.MI.SSXFF AM'),9876,'AAQU98');
REM INSERTING into AGENCIATA.HOTELS_TA
SET DEFINE OFF;
Insert into AGENCIATA.HOTELS_TA (IDHOTEL,NAME,ADDRESS,STATUS,CODE,CITY_DESTINATION) values (104,'HOTEL 1','SANTA ANA 32',0,'ACR56XT08',8);
Insert into AGENCIATA.HOTELS_TA (IDHOTEL,NAME,ADDRESS,STATUS,CODE,CITY_DESTINATION) values (4,'HOTEL CALIFORNIA','SANTA ANA 32',0,'HHJH',4);
Insert into AGENCIATA.HOTELS_TA (IDHOTEL,NAME,ADDRESS,STATUS,CODE,CITY_DESTINATION) values (463,'HOTEL 13','AV. LAZARO CARDENAS',1,'ACR56XV',4);
Insert into AGENCIATA.HOTELS_TA (IDHOTEL,NAME,ADDRESS,STATUS,CODE,CITY_DESTINATION) values (466,'MARTINMEN','AV.CONVENCION NTE 2345',1,'23098MARL',6);
Insert into AGENCIATA.HOTELS_TA (IDHOTEL,NAME,ADDRESS,STATUS,CODE,CITY_DESTINATION) values (472,'LK','L',1,'L',6);
Insert into AGENCIATA.HOTELS_TA (IDHOTEL,NAME,ADDRESS,STATUS,CODE,CITY_DESTINATION) values (350,'HOTEL 12','SANTA LUCHA 68',1,'LJKN54E9',4);
Insert into AGENCIATA.HOTELS_TA (IDHOTEL,NAME,ADDRESS,STATUS,CODE,CITY_DESTINATION) values (102,'HOTEL 4','SANTA ANA 32',1,'ACR56XT07',4);
Insert into AGENCIATA.HOTELS_TA (IDHOTEL,NAME,ADDRESS,STATUS,CODE,CITY_DESTINATION) values (464,'HOTEL 102','SANTA ANA 32',1,'ACR56XT07WW',3);
Insert into AGENCIATA.HOTELS_TA (IDHOTEL,NAME,ADDRESS,STATUS,CODE,CITY_DESTINATION) values (462,'MARLI','AV.CONVENCION NTE 2345',1,'2300PÑL',63);
Insert into AGENCIATA.HOTELS_TA (IDHOTEL,NAME,ADDRESS,STATUS,CODE,CITY_DESTINATION) values (471,'HOTEL GIOVANNY','TRANCOSO',1,'GHER34',6);
Insert into AGENCIATA.HOTELS_TA (IDHOTEL,NAME,ADDRESS,STATUS,CODE,CITY_DESTINATION) values (470,'MARLIFG','AV.CONVENCION NTE 2345',1,'23098MARLQQ',83);
Insert into AGENCIATA.HOTELS_TA (IDHOTEL,NAME,ADDRESS,STATUS,CODE,CITY_DESTINATION) values (473,'HOTEL UNO DOS TRES','L',1,'PRUEBA1514',6);
REM INSERTING into AGENCIATA.PERMISSION_TA
SET DEFINE OFF;
Insert into AGENCIATA.PERMISSION_TA (IDPERMISSION,DESCRIPTION,NODO) values (1,'CONTROL-TOTA-AEROL','1.2.8');
Insert into AGENCIATA.PERMISSION_TA (IDPERMISSION,DESCRIPTION,NODO) values (9,'Creacion','1.2.3');
Insert into AGENCIATA.PERMISSION_TA (IDPERMISSION,DESCRIPTION,NODO) values (4,'AEROLINEA','1.2.3');
Insert into AGENCIATA.PERMISSION_TA (IDPERMISSION,DESCRIPTION,NODO) values (10,'Usuario','1.3.4');
Insert into AGENCIATA.PERMISSION_TA (IDPERMISSION,DESCRIPTION,NODO) values (8,'Secutiry','1.2.3');
Insert into AGENCIATA.PERMISSION_TA (IDPERMISSION,DESCRIPTION,NODO) values (11,'USUARIOS','2.3.4');
Insert into AGENCIATA.PERMISSION_TA (IDPERMISSION,DESCRIPTION,NODO) values (3,'GERENTE','1.2.2');
Insert into AGENCIATA.PERMISSION_TA (IDPERMISSION,DESCRIPTION,NODO) values (5,'HOTEL','1.3.3');
Insert into AGENCIATA.PERMISSION_TA (IDPERMISSION,DESCRIPTION,NODO) values (6,'Control','1.2.1');
Insert into AGENCIATA.PERMISSION_TA (IDPERMISSION,DESCRIPTION,NODO) values (12,'CONTROLADOR','2.3.4');
REM INSERTING into AGENCIATA.RESERVATION_TA
SET DEFINE OFF;
Insert into AGENCIATA.RESERVATION_TA (IDRESERVATION,FK_IDFLIGHTS,FK_IDROOM,NAME,LASTNAME_DAD,LASNAME_MON,DESCRIPTION,CREATE_DATE,START_DATE,END_DATE,FK_IDUSER) values (120,185,22,'GIOVANNY','HERNANDEZ','ALEMAN','MAYUSCULAS PRUEBA',to_timestamp('22-FEB-23 12.20.24.153000000 PM','DD-MON-RR HH.MI.SSXFF AM'),to_timestamp('22-FEB-23 06.20.00.000000000 AM','DD-MON-RR HH.MI.SSXFF AM'),to_timestamp('23-FEB-23 06.20.00.000000000 AM','DD-MON-RR HH.MI.SSXFF AM'),8);
Insert into AGENCIATA.RESERVATION_TA (IDRESERVATION,FK_IDFLIGHTS,FK_IDROOM,NAME,LASTNAME_DAD,LASNAME_MON,DESCRIPTION,CREATE_DATE,START_DATE,END_DATE,FK_IDUSER) values (92,144,20,'ACTUALIZAR','ACTUALIZAR','LLL','LKL',to_timestamp('08-FEB-23 12.06.36.751000000 PM','DD-MON-RR HH.MI.SSXFF AM'),to_timestamp('09-FEB-23 06.58.00.000000000 AM','DD-MON-RR HH.MI.SSXFF AM'),to_timestamp('23-FEB-23 06.58.00.000000000 AM','DD-MON-RR HH.MI.SSXFF AM'),3);
Insert into AGENCIATA.RESERVATION_TA (IDRESERVATION,FK_IDFLIGHTS,FK_IDROOM,NAME,LASTNAME_DAD,LASNAME_MON,DESCRIPTION,CREATE_DATE,START_DATE,END_DATE,FK_IDUSER) values (111,225,36,'LL.','LK','K','LK',to_timestamp('15-FEB-23 10.20.43.232000000 AM','DD-MON-RR HH.MI.SSXFF AM'),to_timestamp('15-FEB-23 04.20.00.000000000 AM','DD-MON-RR HH.MI.SSXFF AM'),to_timestamp('16-FEB-23 04.20.00.000000000 AM','DD-MON-RR HH.MI.SSXFF AM'),13);
REM INSERTING into AGENCIATA.ROLEPERMISSION_TA
SET DEFINE OFF;
Insert into AGENCIATA.ROLEPERMISSION_TA (IDROLEPERM,FK_IDROLE,FK_IDPERMISSION) values (21,72,8);
Insert into AGENCIATA.ROLEPERMISSION_TA (IDROLEPERM,FK_IDROLE,FK_IDPERMISSION) values (18,69,8);
Insert into AGENCIATA.ROLEPERMISSION_TA (IDROLEPERM,FK_IDROLE,FK_IDPERMISSION) values (24,75,3);
Insert into AGENCIATA.ROLEPERMISSION_TA (IDROLEPERM,FK_IDROLE,FK_IDPERMISSION) values (25,76,4);
Insert into AGENCIATA.ROLEPERMISSION_TA (IDROLEPERM,FK_IDROLE,FK_IDPERMISSION) values (1,1,1);
Insert into AGENCIATA.ROLEPERMISSION_TA (IDROLEPERM,FK_IDROLE,FK_IDPERMISSION) values (20,71,9);
Insert into AGENCIATA.ROLEPERMISSION_TA (IDROLEPERM,FK_IDROLE,FK_IDPERMISSION) values (19,70,8);
Insert into AGENCIATA.ROLEPERMISSION_TA (IDROLEPERM,FK_IDROLE,FK_IDPERMISSION) values (23,74,3);
REM INSERTING into AGENCIATA.ROLE_TA
SET DEFINE OFF;
Insert into AGENCIATA.ROLE_TA (IDROLE,TIPOROLE) values (11,'CONSULTOR');
Insert into AGENCIATA.ROLE_TA (IDROLE,TIPOROLE) values (65,'ANUNCIOS');
Insert into AGENCIATA.ROLE_TA (IDROLE,TIPOROLE) values (60,'CREADOR');
Insert into AGENCIATA.ROLE_TA (IDROLE,TIPOROLE) values (64,'INFORMACIN');
Insert into AGENCIATA.ROLE_TA (IDROLE,TIPOROLE) values (44,'INFORMES');
Insert into AGENCIATA.ROLE_TA (IDROLE,TIPOROLE) values (46,'CONSULTAR');
Insert into AGENCIATA.ROLE_TA (IDROLE,TIPOROLE) values (12,'MODIFIACAR');
Insert into AGENCIATA.ROLE_TA (IDROLE,TIPOROLE) values (34,'INSERTAR');
Insert into AGENCIATA.ROLE_TA (IDROLE,TIPOROLE) values (72,'HABILITAR');
Insert into AGENCIATA.ROLE_TA (IDROLE,TIPOROLE) values (75,'DATOS EXPLORER');
Insert into AGENCIATA.ROLE_TA (IDROLE,TIPOROLE) values (76,'SEGURIDAD');
Insert into AGENCIATA.ROLE_TA (IDROLE,TIPOROLE) values (69,'VENDEDORA');
Insert into AGENCIATA.ROLE_TA (IDROLE,TIPOROLE) values (67,'CREADOR');
Insert into AGENCIATA.ROLE_TA (IDROLE,TIPOROLE) values (1,'ADMINISTRADOR');
Insert into AGENCIATA.ROLE_TA (IDROLE,TIPOROLE) values (2,'ALMACEN');
Insert into AGENCIATA.ROLE_TA (IDROLE,TIPOROLE) values (61,'GERENCIA');
Insert into AGENCIATA.ROLE_TA (IDROLE,TIPOROLE) values (8,'TOTAL');
Insert into AGENCIATA.ROLE_TA (IDROLE,TIPOROLE) values (63,'ACTUALIZAR');
Insert into AGENCIATA.ROLE_TA (IDROLE,TIPOROLE) values (70,'ELIMINAR');
Insert into AGENCIATA.ROLE_TA (IDROLE,TIPOROLE) values (71,'EDITAR');
Insert into AGENCIATA.ROLE_TA (IDROLE,TIPOROLE) values (74,'EJEMPLO');
REM INSERTING into AGENCIATA.ROOMS_TA
SET DEFINE OFF;
Insert into AGENCIATA.ROOMS_TA (IDROOM,NAME,DESCRIPTION,NO_PEOPLE,STATUS,FK_IDHOTEL,PRICE,CODE) values (24,'CUARTO 4','CUARTO DE DISEÑO INNOVADOR',4,1,104,500.03,'ADF89CX06');
Insert into AGENCIATA.ROOMS_TA (IDROOM,NAME,DESCRIPTION,NO_PEOPLE,STATUS,FK_IDHOTEL,PRICE,CODE) values (41,'CUARTO 21','CUARTO DE DISEÑO INNOVADOR',6,1,350,654,'DSCAPX76D6B');
Insert into AGENCIATA.ROOMS_TA (IDROOM,NAME,DESCRIPTION,NO_PEOPLE,STATUS,FK_IDHOTEL,PRICE,CODE) values (18,'CUARTO 6','CUARTO DE DISEÑO INNOVADOR',4,1,102,500.01,'DSCAPX76D5');
Insert into AGENCIATA.ROOMS_TA (IDROOM,NAME,DESCRIPTION,NO_PEOPLE,STATUS,FK_IDHOTEL,PRICE,CODE) values (22,'CUARTO 7','CUARTO DE DISEÑO INNOVADOR',3,1,104,400,'ADF89CX02');
Insert into AGENCIATA.ROOMS_TA (IDROOM,NAME,DESCRIPTION,NO_PEOPLE,STATUS,FK_IDHOTEL,PRICE,CODE) values (23,'CUARTO 8','CUARTO DE DISEÑO INNOVADOR',4,1,104,500.01,'DSCAPX76D6');
Insert into AGENCIATA.ROOMS_TA (IDROOM,NAME,DESCRIPTION,NO_PEOPLE,STATUS,FK_IDHOTEL,PRICE,CODE) values (34,'CUARTO 10','CUARTO DE DISEÑO INNOVADOR',3,1,4,400,'ADF89CX050');
Insert into AGENCIATA.ROOMS_TA (IDROOM,NAME,DESCRIPTION,NO_PEOPLE,STATUS,FK_IDHOTEL,PRICE,CODE) values (36,'CUARTO 100','PASSWORD ORACLE',4,0,4,450,'ADF89');
Insert into AGENCIATA.ROOMS_TA (IDROOM,NAME,DESCRIPTION,NO_PEOPLE,STATUS,FK_IDHOTEL,PRICE,CODE) values (25,'CUARTO 5','CUARTO DE DISEÑO INNOVADOR',3,1,104,400,'ADF89CX04');
Insert into AGENCIATA.ROOMS_TA (IDROOM,NAME,DESCRIPTION,NO_PEOPLE,STATUS,FK_IDHOTEL,PRICE,CODE) values (26,'CUARTO 1','CUARTO DE DISEÑO INNOVADOR',3,1,104,400,'ADF89CX05');
Insert into AGENCIATA.ROOMS_TA (IDROOM,NAME,DESCRIPTION,NO_PEOPLE,STATUS,FK_IDHOTEL,PRICE,CODE) values (20,'CUARTO 5','CUARTO DE DISEÑO INNOVADOR',3,1,102,500,'ADF89CX01');
Insert into AGENCIATA.ROOMS_TA (IDROOM,NAME,DESCRIPTION,NO_PEOPLE,STATUS,FK_IDHOTEL,PRICE,CODE) values (43,'CUARTO GIOVANNY','CUARTO SUITE',3,1,471,457,'GHA1999');
REM INSERTING into AGENCIATA.USERS_TA
SET DEFINE OFF;
Insert into AGENCIATA.USERS_TA (IDUSER,NAME,LASTNAME_DAD,LASTNAME_MOM,FK_IDROLE,TOKEN) values (10,'LUIS','RUVALCABA','RUEDA',44,'HJHJHJ8854');
Insert into AGENCIATA.USERS_TA (IDUSER,NAME,LASTNAME_DAD,LASTNAME_MOM,FK_IDROLE,TOKEN) values (22,'W','ARRIETA','VALENZUELA',74,'123WED');
Insert into AGENCIATA.USERS_TA (IDUSER,NAME,LASTNAME_DAD,LASTNAME_MOM,FK_IDROLE,TOKEN) values (8,'Hector','Arrieta','Dominguez',11,'wer23aq12');
Insert into AGENCIATA.USERS_TA (IDUSER,NAME,LASTNAME_DAD,LASTNAME_MOM,FK_IDROLE,TOKEN) values (4,'Rolando','Rodriguez','Gimenez',2,'12ert23');
Insert into AGENCIATA.USERS_TA (IDUSER,NAME,LASTNAME_DAD,LASTNAME_MOM,FK_IDROLE,TOKEN) values (6,'GIOVANNYYY','HERNANDEZ','ALEMAN',2,'GIOVANNY');
Insert into AGENCIATA.USERS_TA (IDUSER,NAME,LASTNAME_DAD,LASTNAME_MOM,FK_IDROLE,TOKEN) values (13,'Total','Martinez','Guadalupe',2,'gtbrfc45');
Insert into AGENCIATA.USERS_TA (IDUSER,NAME,LASTNAME_DAD,LASTNAME_MOM,FK_IDROLE,TOKEN) values (14,'TOÑO','HARO','VALENZUELA',1,'QWERGFBNM90');
Insert into AGENCIATA.USERS_TA (IDUSER,NAME,LASTNAME_DAD,LASTNAME_MOM,FK_IDROLE,TOKEN) values (20,'PARANGATUMIRICUARO','HERNANDEZ','DOMINGUEZ',63,'QAZWSXEDCRFVTGBYHNUJ');
Insert into AGENCIATA.USERS_TA (IDUSER,NAME,LASTNAME_DAD,LASTNAME_MOM,FK_IDROLE,TOKEN) values (5,'Dylan','Olayo','Lopez',2,'15ert23');
Insert into AGENCIATA.USERS_TA (IDUSER,NAME,LASTNAME_DAD,LASTNAME_MOM,FK_IDROLE,TOKEN) values (3,'Mario','Limon','Gomez',1,'127827');
--------------------------------------------------------
--  DDL for Index AIRLINE_TA_PK
--------------------------------------------------------

  CREATE UNIQUE INDEX "AGENCIATA"."AIRLINE_TA_PK" ON "AGENCIATA"."AIRLINE_TA" ("ID_AIRLINE") 
  PCTFREE 10 INITRANS 2 MAXTRANS 255 COMPUTE STATISTICS 
  STORAGE(INITIAL 65536 NEXT 1048576 MINEXTENTS 1 MAXEXTENTS 2147483645
  PCTINCREASE 0 FREELISTS 1 FREELIST GROUPS 1
  BUFFER_POOL DEFAULT FLASH_CACHE DEFAULT CELL_FLASH_CACHE DEFAULT)
  TABLESPACE "USERS" ;
--------------------------------------------------------
--  DDL for Index CITIES_TA_PK
--------------------------------------------------------

  CREATE UNIQUE INDEX "AGENCIATA"."CITIES_TA_PK" ON "AGENCIATA"."CITIES_TA" ("ID_CITIE") 
  PCTFREE 10 INITRANS 2 MAXTRANS 255 COMPUTE STATISTICS 
  STORAGE(INITIAL 65536 NEXT 1048576 MINEXTENTS 1 MAXEXTENTS 2147483645
  PCTINCREASE 0 FREELISTS 1 FREELIST GROUPS 1
  BUFFER_POOL DEFAULT FLASH_CACHE DEFAULT CELL_FLASH_CACHE DEFAULT)
  TABLESPACE "USERS" ;
--------------------------------------------------------
--  DDL for Index FLIGHTS_TA_PK
--------------------------------------------------------

  CREATE UNIQUE INDEX "AGENCIATA"."FLIGHTS_TA_PK" ON "AGENCIATA"."FLIGHTS_TA" ("ID_FLIGHTS") 
  PCTFREE 10 INITRANS 2 MAXTRANS 255 COMPUTE STATISTICS 
  STORAGE(INITIAL 65536 NEXT 1048576 MINEXTENTS 1 MAXEXTENTS 2147483645
  PCTINCREASE 0 FREELISTS 1 FREELIST GROUPS 1
  BUFFER_POOL DEFAULT FLASH_CACHE DEFAULT CELL_FLASH_CACHE DEFAULT)
  TABLESPACE "USERS" ;
--------------------------------------------------------
--  DDL for Index HOTELS_PK
--------------------------------------------------------

  CREATE UNIQUE INDEX "AGENCIATA"."HOTELS_PK" ON "AGENCIATA"."HOTELS_TA" ("IDHOTEL") 
  PCTFREE 10 INITRANS 2 MAXTRANS 255 COMPUTE STATISTICS 
  STORAGE(INITIAL 65536 NEXT 1048576 MINEXTENTS 1 MAXEXTENTS 2147483645
  PCTINCREASE 0 FREELISTS 1 FREELIST GROUPS 1
  BUFFER_POOL DEFAULT FLASH_CACHE DEFAULT CELL_FLASH_CACHE DEFAULT)
  TABLESPACE "USERS" ;
--------------------------------------------------------
--  DDL for Index PERMISSION_TA_PK
--------------------------------------------------------

  CREATE UNIQUE INDEX "AGENCIATA"."PERMISSION_TA_PK" ON "AGENCIATA"."PERMISSION_TA" ("IDPERMISSION") 
  PCTFREE 10 INITRANS 2 MAXTRANS 255 COMPUTE STATISTICS 
  STORAGE(INITIAL 65536 NEXT 1048576 MINEXTENTS 1 MAXEXTENTS 2147483645
  PCTINCREASE 0 FREELISTS 1 FREELIST GROUPS 1
  BUFFER_POOL DEFAULT FLASH_CACHE DEFAULT CELL_FLASH_CACHE DEFAULT)
  TABLESPACE "USERS" ;
--------------------------------------------------------
--  DDL for Index RESERVATION_TA_PK
--------------------------------------------------------

  CREATE UNIQUE INDEX "AGENCIATA"."RESERVATION_TA_PK" ON "AGENCIATA"."RESERVATION_TA" ("IDRESERVATION") 
  PCTFREE 10 INITRANS 2 MAXTRANS 255 COMPUTE STATISTICS 
  STORAGE(INITIAL 65536 NEXT 1048576 MINEXTENTS 1 MAXEXTENTS 2147483645
  PCTINCREASE 0 FREELISTS 1 FREELIST GROUPS 1
  BUFFER_POOL DEFAULT FLASH_CACHE DEFAULT CELL_FLASH_CACHE DEFAULT)
  TABLESPACE "USERS" ;
--------------------------------------------------------
--  DDL for Index ROLE_TA_PK
--------------------------------------------------------

  CREATE UNIQUE INDEX "AGENCIATA"."ROLE_TA_PK" ON "AGENCIATA"."ROLE_TA" ("IDROLE") 
  PCTFREE 10 INITRANS 2 MAXTRANS 255 COMPUTE STATISTICS 
  STORAGE(INITIAL 65536 NEXT 1048576 MINEXTENTS 1 MAXEXTENTS 2147483645
  PCTINCREASE 0 FREELISTS 1 FREELIST GROUPS 1
  BUFFER_POOL DEFAULT FLASH_CACHE DEFAULT CELL_FLASH_CACHE DEFAULT)
  TABLESPACE "USERS" ;
--------------------------------------------------------
--  DDL for Index ROOMS_PK
--------------------------------------------------------

  CREATE UNIQUE INDEX "AGENCIATA"."ROOMS_PK" ON "AGENCIATA"."ROOMS_TA" ("IDROOM") 
  PCTFREE 10 INITRANS 2 MAXTRANS 255 COMPUTE STATISTICS 
  STORAGE(INITIAL 65536 NEXT 1048576 MINEXTENTS 1 MAXEXTENTS 2147483645
  PCTINCREASE 0 FREELISTS 1 FREELIST GROUPS 1
  BUFFER_POOL DEFAULT FLASH_CACHE DEFAULT CELL_FLASH_CACHE DEFAULT)
  TABLESPACE "USERS" ;
--------------------------------------------------------
--  DDL for Index SYS_IL0000057664C00004$$
--------------------------------------------------------

  CREATE UNIQUE INDEX "AGENCIATA"."SYS_IL0000057664C00004$$" ON "AGENCIATA"."HOTELS_TA" (
  PCTFREE 10 INITRANS 2 MAXTRANS 255 
  STORAGE(INITIAL 65536 NEXT 1048576 MINEXTENTS 1 MAXEXTENTS 2147483645
  PCTINCREASE 0 FREELISTS 1 FREELIST GROUPS 1
  BUFFER_POOL DEFAULT FLASH_CACHE DEFAULT CELL_FLASH_CACHE DEFAULT)
  TABLESPACE "USERS" 
  PARALLEL (DEGREE 0 INSTANCES 0) ;
--------------------------------------------------------
--  DDL for Index USERS_TA_PK
--------------------------------------------------------

  CREATE UNIQUE INDEX "AGENCIATA"."USERS_TA_PK" ON "AGENCIATA"."USERS_TA" ("IDUSER") 
  PCTFREE 10 INITRANS 2 MAXTRANS 255 COMPUTE STATISTICS 
  STORAGE(INITIAL 65536 NEXT 1048576 MINEXTENTS 1 MAXEXTENTS 2147483645
  PCTINCREASE 0 FREELISTS 1 FREELIST GROUPS 1
  BUFFER_POOL DEFAULT FLASH_CACHE DEFAULT CELL_FLASH_CACHE DEFAULT)
  TABLESPACE "USERS" ;
--------------------------------------------------------
--  DDL for Index AIRLINE_TA_PK
--------------------------------------------------------

  CREATE UNIQUE INDEX "AGENCIATA"."AIRLINE_TA_PK" ON "AGENCIATA"."AIRLINE_TA" ("ID_AIRLINE") 
  PCTFREE 10 INITRANS 2 MAXTRANS 255 COMPUTE STATISTICS 
  STORAGE(INITIAL 65536 NEXT 1048576 MINEXTENTS 1 MAXEXTENTS 2147483645
  PCTINCREASE 0 FREELISTS 1 FREELIST GROUPS 1
  BUFFER_POOL DEFAULT FLASH_CACHE DEFAULT CELL_FLASH_CACHE DEFAULT)
  TABLESPACE "USERS" ;
--------------------------------------------------------
--  DDL for Index CITIES_TA_PK
--------------------------------------------------------

  CREATE UNIQUE INDEX "AGENCIATA"."CITIES_TA_PK" ON "AGENCIATA"."CITIES_TA" ("ID_CITIE") 
  PCTFREE 10 INITRANS 2 MAXTRANS 255 COMPUTE STATISTICS 
  STORAGE(INITIAL 65536 NEXT 1048576 MINEXTENTS 1 MAXEXTENTS 2147483645
  PCTINCREASE 0 FREELISTS 1 FREELIST GROUPS 1
  BUFFER_POOL DEFAULT FLASH_CACHE DEFAULT CELL_FLASH_CACHE DEFAULT)
  TABLESPACE "USERS" ;
--------------------------------------------------------
--  DDL for Index FLIGHTS_TA_PK
--------------------------------------------------------

  CREATE UNIQUE INDEX "AGENCIATA"."FLIGHTS_TA_PK" ON "AGENCIATA"."FLIGHTS_TA" ("ID_FLIGHTS") 
  PCTFREE 10 INITRANS 2 MAXTRANS 255 COMPUTE STATISTICS 
  STORAGE(INITIAL 65536 NEXT 1048576 MINEXTENTS 1 MAXEXTENTS 2147483645
  PCTINCREASE 0 FREELISTS 1 FREELIST GROUPS 1
  BUFFER_POOL DEFAULT FLASH_CACHE DEFAULT CELL_FLASH_CACHE DEFAULT)
  TABLESPACE "USERS" ;
--------------------------------------------------------
--  DDL for Index HOTELS_PK
--------------------------------------------------------

  CREATE UNIQUE INDEX "AGENCIATA"."HOTELS_PK" ON "AGENCIATA"."HOTELS_TA" ("IDHOTEL") 
  PCTFREE 10 INITRANS 2 MAXTRANS 255 COMPUTE STATISTICS 
  STORAGE(INITIAL 65536 NEXT 1048576 MINEXTENTS 1 MAXEXTENTS 2147483645
  PCTINCREASE 0 FREELISTS 1 FREELIST GROUPS 1
  BUFFER_POOL DEFAULT FLASH_CACHE DEFAULT CELL_FLASH_CACHE DEFAULT)
  TABLESPACE "USERS" ;
--------------------------------------------------------
--  DDL for Index PERMISSION_TA_PK
--------------------------------------------------------

  CREATE UNIQUE INDEX "AGENCIATA"."PERMISSION_TA_PK" ON "AGENCIATA"."PERMISSION_TA" ("IDPERMISSION") 
  PCTFREE 10 INITRANS 2 MAXTRANS 255 COMPUTE STATISTICS 
  STORAGE(INITIAL 65536 NEXT 1048576 MINEXTENTS 1 MAXEXTENTS 2147483645
  PCTINCREASE 0 FREELISTS 1 FREELIST GROUPS 1
  BUFFER_POOL DEFAULT FLASH_CACHE DEFAULT CELL_FLASH_CACHE DEFAULT)
  TABLESPACE "USERS" ;
--------------------------------------------------------
--  DDL for Index RESERVATION_TA_PK
--------------------------------------------------------

  CREATE UNIQUE INDEX "AGENCIATA"."RESERVATION_TA_PK" ON "AGENCIATA"."RESERVATION_TA" ("IDRESERVATION") 
  PCTFREE 10 INITRANS 2 MAXTRANS 255 COMPUTE STATISTICS 
  STORAGE(INITIAL 65536 NEXT 1048576 MINEXTENTS 1 MAXEXTENTS 2147483645
  PCTINCREASE 0 FREELISTS 1 FREELIST GROUPS 1
  BUFFER_POOL DEFAULT FLASH_CACHE DEFAULT CELL_FLASH_CACHE DEFAULT)
  TABLESPACE "USERS" ;
--------------------------------------------------------
--  DDL for Index ROLE_TA_PK
--------------------------------------------------------

  CREATE UNIQUE INDEX "AGENCIATA"."ROLE_TA_PK" ON "AGENCIATA"."ROLE_TA" ("IDROLE") 
  PCTFREE 10 INITRANS 2 MAXTRANS 255 COMPUTE STATISTICS 
  STORAGE(INITIAL 65536 NEXT 1048576 MINEXTENTS 1 MAXEXTENTS 2147483645
  PCTINCREASE 0 FREELISTS 1 FREELIST GROUPS 1
  BUFFER_POOL DEFAULT FLASH_CACHE DEFAULT CELL_FLASH_CACHE DEFAULT)
  TABLESPACE "USERS" ;
--------------------------------------------------------
--  DDL for Index ROOMS_PK
--------------------------------------------------------

  CREATE UNIQUE INDEX "AGENCIATA"."ROOMS_PK" ON "AGENCIATA"."ROOMS_TA" ("IDROOM") 
  PCTFREE 10 INITRANS 2 MAXTRANS 255 COMPUTE STATISTICS 
  STORAGE(INITIAL 65536 NEXT 1048576 MINEXTENTS 1 MAXEXTENTS 2147483645
  PCTINCREASE 0 FREELISTS 1 FREELIST GROUPS 1
  BUFFER_POOL DEFAULT FLASH_CACHE DEFAULT CELL_FLASH_CACHE DEFAULT)
  TABLESPACE "USERS" ;
--------------------------------------------------------
--  DDL for Index USERS_TA_PK
--------------------------------------------------------

  CREATE UNIQUE INDEX "AGENCIATA"."USERS_TA_PK" ON "AGENCIATA"."USERS_TA" ("IDUSER") 
  PCTFREE 10 INITRANS 2 MAXTRANS 255 COMPUTE STATISTICS 
  STORAGE(INITIAL 65536 NEXT 1048576 MINEXTENTS 1 MAXEXTENTS 2147483645
  PCTINCREASE 0 FREELISTS 1 FREELIST GROUPS 1
  BUFFER_POOL DEFAULT FLASH_CACHE DEFAULT CELL_FLASH_CACHE DEFAULT)
  TABLESPACE "USERS" ;
--------------------------------------------------------
--  DDL for Trigger AIRLINE_SEQ
--------------------------------------------------------

  CREATE OR REPLACE EDITIONABLE TRIGGER "AGENCIATA"."AIRLINE_SEQ" 
   before insert on "AGENCIATA"."AIRLINE_TA" 
   for each row 
begin  
   if inserting then 
      if :NEW."ID_AIRLINE" is null then 
         select AIRLINE_SEQ.nextval into :NEW."ID_AIRLINE" from dual; 
      end if; 
   end if; 
end;

/
ALTER TRIGGER "AGENCIATA"."AIRLINE_SEQ" ENABLE;
--------------------------------------------------------
--  DDL for Trigger SEQUENCE_PERMISSION
--------------------------------------------------------

  CREATE OR REPLACE EDITIONABLE TRIGGER "AGENCIATA"."SEQUENCE_PERMISSION" 
   before insert on "AGENCIATA"."PERMISSION_TA" 
   for each row 
begin  
   if inserting then 
      if :NEW."IDPERMISSION" is null then 
         select SEQUENCE_PERMISSION.nextval into :NEW."IDPERMISSION" from dual; 
      end if; 
   end if; 
end;

/
ALTER TRIGGER "AGENCIATA"."SEQUENCE_PERMISSION" ENABLE;
--------------------------------------------------------
--  DDL for Trigger SEQUENCE_ROLE
--------------------------------------------------------

  CREATE OR REPLACE EDITIONABLE TRIGGER "AGENCIATA"."SEQUENCE_ROLE" 
   before insert on "AGENCIATA"."ROLE_TA" 
   for each row 
begin  
   if inserting then 
      if :NEW."IDROLE" is null then 
         select SEQUENCE_ROLE.nextval into :NEW."IDROLE" from dual; 
      end if; 
   end if; 
end;

/
ALTER TRIGGER "AGENCIATA"."SEQUENCE_ROLE" ENABLE;
--------------------------------------------------------
--  DDL for Trigger SEQUENCE_ROOM
--------------------------------------------------------

  CREATE OR REPLACE EDITIONABLE TRIGGER "AGENCIATA"."SEQUENCE_ROOM" 
   before insert on "AGENCIATA"."ROOMS_TA" 
   for each row 
begin  
   if inserting then 
      if :NEW."IDROOM" is null then 
         select ROOM_SEQ.nextval into :NEW."IDROOM" from dual; 
      end if; 
   end if; 
end;

/
ALTER TRIGGER "AGENCIATA"."SEQUENCE_ROOM" ENABLE;
--------------------------------------------------------
--  DDL for Trigger SEQUENCE_USER
--------------------------------------------------------

  CREATE OR REPLACE EDITIONABLE TRIGGER "AGENCIATA"."SEQUENCE_USER" 
   before insert on "AGENCIATA"."USERS_TA" 
   for each row 
begin  
   if inserting then 
      if :NEW."IDUSER" is null then 
         select SEQUENCE_USER.nextval into :NEW."IDUSER" from dual; 
      end if; 
   end if; 
end;

/
ALTER TRIGGER "AGENCIATA"."SEQUENCE_USER" ENABLE;
--------------------------------------------------------
--  DDL for Trigger SEQUENCIA_RESERVATIONS
--------------------------------------------------------

  CREATE OR REPLACE EDITIONABLE TRIGGER "AGENCIATA"."SEQUENCIA_RESERVATIONS" 
   before insert on "AGENCIATA"."RESERVATION_TA" 
   for each row 
begin  
   if inserting then 
      if :NEW."IDRESERVATION" is null then 
         select SEQUENCE_RESERVATIONS.nextval into :NEW."IDRESERVATION" from dual; 
      end if; 
   end if; 
end;

/
ALTER TRIGGER "AGENCIATA"."SEQUENCIA_RESERVATIONS" ENABLE;
--------------------------------------------------------
--  DDL for Trigger SEQ_ROLEPERM
--------------------------------------------------------

  CREATE OR REPLACE EDITIONABLE TRIGGER "AGENCIATA"."SEQ_ROLEPERM" 
   before insert on "AGENCIATA"."ROLEPERMISSION_TA" 
   for each row 
begin  
   if inserting then 
      if :NEW."IDROLEPERM" is null then 
         select SEQ_ROLEPERM.nextval into :NEW."IDROLEPERM" from dual; 
      end if; 
   end if; 
end;

/
ALTER TRIGGER "AGENCIATA"."SEQ_ROLEPERM" ENABLE;
--------------------------------------------------------
--  DDL for Trigger SEQ_ROLPERM
--------------------------------------------------------

  CREATE OR REPLACE EDITIONABLE TRIGGER "AGENCIATA"."SEQ_ROLPERM" 
   before insert on "AGENCIATA"."ROLEPERMISSION_TA" 
   for each row 
begin  
   if inserting then 
      if :NEW."IDROLEPERM" is null then 
         select SEQ_ROLEPERM.nextval into :NEW."IDROLEPERM" from dual; 
      end if; 
   end if; 
end;

/
ALTER TRIGGER "AGENCIATA"."SEQ_ROLPERM" ENABLE;
--------------------------------------------------------
--  DDL for Trigger AIRLINE_SEQ
--------------------------------------------------------

  CREATE OR REPLACE EDITIONABLE TRIGGER "AGENCIATA"."AIRLINE_SEQ" 
   before insert on "AGENCIATA"."AIRLINE_TA" 
   for each row 
begin  
   if inserting then 
      if :NEW."ID_AIRLINE" is null then 
         select AIRLINE_SEQ.nextval into :NEW."ID_AIRLINE" from dual; 
      end if; 
   end if; 
end;

/
ALTER TRIGGER "AGENCIATA"."AIRLINE_SEQ" ENABLE;
--------------------------------------------------------
--  DDL for Trigger SEQUENCE_PERMISSION
--------------------------------------------------------

  CREATE OR REPLACE EDITIONABLE TRIGGER "AGENCIATA"."SEQUENCE_PERMISSION" 
   before insert on "AGENCIATA"."PERMISSION_TA" 
   for each row 
begin  
   if inserting then 
      if :NEW."IDPERMISSION" is null then 
         select SEQUENCE_PERMISSION.nextval into :NEW."IDPERMISSION" from dual; 
      end if; 
   end if; 
end;

/
ALTER TRIGGER "AGENCIATA"."SEQUENCE_PERMISSION" ENABLE;
--------------------------------------------------------
--  DDL for Trigger SEQUENCIA_RESERVATIONS
--------------------------------------------------------

  CREATE OR REPLACE EDITIONABLE TRIGGER "AGENCIATA"."SEQUENCIA_RESERVATIONS" 
   before insert on "AGENCIATA"."RESERVATION_TA" 
   for each row 
begin  
   if inserting then 
      if :NEW."IDRESERVATION" is null then 
         select SEQUENCE_RESERVATIONS.nextval into :NEW."IDRESERVATION" from dual; 
      end if; 
   end if; 
end;

/
ALTER TRIGGER "AGENCIATA"."SEQUENCIA_RESERVATIONS" ENABLE;
--------------------------------------------------------
--  DDL for Trigger SEQ_ROLEPERM
--------------------------------------------------------

  CREATE OR REPLACE EDITIONABLE TRIGGER "AGENCIATA"."SEQ_ROLEPERM" 
   before insert on "AGENCIATA"."ROLEPERMISSION_TA" 
   for each row 
begin  
   if inserting then 
      if :NEW."IDROLEPERM" is null then 
         select SEQ_ROLEPERM.nextval into :NEW."IDROLEPERM" from dual; 
      end if; 
   end if; 
end;

/
ALTER TRIGGER "AGENCIATA"."SEQ_ROLEPERM" ENABLE;
--------------------------------------------------------
--  DDL for Trigger SEQ_ROLPERM
--------------------------------------------------------

  CREATE OR REPLACE EDITIONABLE TRIGGER "AGENCIATA"."SEQ_ROLPERM" 
   before insert on "AGENCIATA"."ROLEPERMISSION_TA" 
   for each row 
begin  
   if inserting then 
      if :NEW."IDROLEPERM" is null then 
         select SEQ_ROLEPERM.nextval into :NEW."IDROLEPERM" from dual; 
      end if; 
   end if; 
end;

/
ALTER TRIGGER "AGENCIATA"."SEQ_ROLPERM" ENABLE;
--------------------------------------------------------
--  DDL for Trigger SEQUENCE_ROLE
--------------------------------------------------------

  CREATE OR REPLACE EDITIONABLE TRIGGER "AGENCIATA"."SEQUENCE_ROLE" 
   before insert on "AGENCIATA"."ROLE_TA" 
   for each row 
begin  
   if inserting then 
      if :NEW."IDROLE" is null then 
         select SEQUENCE_ROLE.nextval into :NEW."IDROLE" from dual; 
      end if; 
   end if; 
end;

/
ALTER TRIGGER "AGENCIATA"."SEQUENCE_ROLE" ENABLE;
--------------------------------------------------------
--  DDL for Trigger SEQUENCE_ROOM
--------------------------------------------------------

  CREATE OR REPLACE EDITIONABLE TRIGGER "AGENCIATA"."SEQUENCE_ROOM" 
   before insert on "AGENCIATA"."ROOMS_TA" 
   for each row 
begin  
   if inserting then 
      if :NEW."IDROOM" is null then 
         select ROOM_SEQ.nextval into :NEW."IDROOM" from dual; 
      end if; 
   end if; 
end;

/
ALTER TRIGGER "AGENCIATA"."SEQUENCE_ROOM" ENABLE;
--------------------------------------------------------
--  DDL for Trigger SEQUENCE_USER
--------------------------------------------------------

  CREATE OR REPLACE EDITIONABLE TRIGGER "AGENCIATA"."SEQUENCE_USER" 
   before insert on "AGENCIATA"."USERS_TA" 
   for each row 
begin  
   if inserting then 
      if :NEW."IDUSER" is null then 
         select SEQUENCE_USER.nextval into :NEW."IDUSER" from dual; 
      end if; 
   end if; 
end;

/
ALTER TRIGGER "AGENCIATA"."SEQUENCE_USER" ENABLE;
--------------------------------------------------------
--  Constraints for Table AIRLINE_TA
--------------------------------------------------------

  ALTER TABLE "AGENCIATA"."AIRLINE_TA" MODIFY ("ID_AIRLINE" NOT NULL ENABLE);
  ALTER TABLE "AGENCIATA"."AIRLINE_TA" ADD CONSTRAINT "AIRLINE_TA_PK" PRIMARY KEY ("ID_AIRLINE")
  USING INDEX PCTFREE 10 INITRANS 2 MAXTRANS 255 COMPUTE STATISTICS 
  STORAGE(INITIAL 65536 NEXT 1048576 MINEXTENTS 1 MAXEXTENTS 2147483645
  PCTINCREASE 0 FREELISTS 1 FREELIST GROUPS 1
  BUFFER_POOL DEFAULT FLASH_CACHE DEFAULT CELL_FLASH_CACHE DEFAULT)
  TABLESPACE "USERS"  ENABLE;
--------------------------------------------------------
--  Constraints for Table CITIES_TA
--------------------------------------------------------

  ALTER TABLE "AGENCIATA"."CITIES_TA" MODIFY ("ID_CITIE" NOT NULL ENABLE);
  ALTER TABLE "AGENCIATA"."CITIES_TA" ADD CONSTRAINT "CITIES_TA_PK" PRIMARY KEY ("ID_CITIE")
  USING INDEX PCTFREE 10 INITRANS 2 MAXTRANS 255 COMPUTE STATISTICS 
  STORAGE(INITIAL 65536 NEXT 1048576 MINEXTENTS 1 MAXEXTENTS 2147483645
  PCTINCREASE 0 FREELISTS 1 FREELIST GROUPS 1
  BUFFER_POOL DEFAULT FLASH_CACHE DEFAULT CELL_FLASH_CACHE DEFAULT)
  TABLESPACE "USERS"  ENABLE;
--------------------------------------------------------
--  Constraints for Table FLIGHTS_TA
--------------------------------------------------------

  ALTER TABLE "AGENCIATA"."FLIGHTS_TA" MODIFY ("ID_FLIGHTS" NOT NULL ENABLE);
  ALTER TABLE "AGENCIATA"."FLIGHTS_TA" ADD CONSTRAINT "FLIGHTS_TA_PK" PRIMARY KEY ("ID_FLIGHTS")
  USING INDEX PCTFREE 10 INITRANS 2 MAXTRANS 255 COMPUTE STATISTICS 
  STORAGE(INITIAL 65536 NEXT 1048576 MINEXTENTS 1 MAXEXTENTS 2147483645
  PCTINCREASE 0 FREELISTS 1 FREELIST GROUPS 1
  BUFFER_POOL DEFAULT FLASH_CACHE DEFAULT CELL_FLASH_CACHE DEFAULT)
  TABLESPACE "USERS"  ENABLE;
  ALTER TABLE "AGENCIATA"."FLIGHTS_TA" MODIFY ("FK_IDCITIE_ORIGIN" NOT NULL ENABLE);
  ALTER TABLE "AGENCIATA"."FLIGHTS_TA" MODIFY ("FK_IDCITIE_DESTINATION" NOT NULL ENABLE);
  ALTER TABLE "AGENCIATA"."FLIGHTS_TA" MODIFY ("FK_IDAIRLINE" NOT NULL ENABLE);
  ALTER TABLE "AGENCIATA"."FLIGHTS_TA" MODIFY ("STATUS" NOT NULL ENABLE);
  ALTER TABLE "AGENCIATA"."FLIGHTS_TA" MODIFY ("DEPARTURE_TIME" NOT NULL ENABLE);
  ALTER TABLE "AGENCIATA"."FLIGHTS_TA" MODIFY ("ARRIVAL_TIME" NOT NULL ENABLE);
--------------------------------------------------------
--  Constraints for Table HOTELS_TA
--------------------------------------------------------

  ALTER TABLE "AGENCIATA"."HOTELS_TA" MODIFY ("IDHOTEL" NOT NULL ENABLE);
  ALTER TABLE "AGENCIATA"."HOTELS_TA" ADD CONSTRAINT "HOTELS_PK" PRIMARY KEY ("IDHOTEL")
  USING INDEX PCTFREE 10 INITRANS 2 MAXTRANS 255 COMPUTE STATISTICS 
  STORAGE(INITIAL 65536 NEXT 1048576 MINEXTENTS 1 MAXEXTENTS 2147483645
  PCTINCREASE 0 FREELISTS 1 FREELIST GROUPS 1
  BUFFER_POOL DEFAULT FLASH_CACHE DEFAULT CELL_FLASH_CACHE DEFAULT)
  TABLESPACE "USERS"  ENABLE;
  ALTER TABLE "AGENCIATA"."HOTELS_TA" MODIFY ("NAME" NOT NULL ENABLE);
  ALTER TABLE "AGENCIATA"."HOTELS_TA" MODIFY ("ADDRESS" NOT NULL ENABLE);
--------------------------------------------------------
--  Constraints for Table PERMISSION_TA
--------------------------------------------------------

  ALTER TABLE "AGENCIATA"."PERMISSION_TA" MODIFY ("IDPERMISSION" NOT NULL ENABLE);
  ALTER TABLE "AGENCIATA"."PERMISSION_TA" ADD CONSTRAINT "PERMISSION_TA_PK" PRIMARY KEY ("IDPERMISSION")
  USING INDEX PCTFREE 10 INITRANS 2 MAXTRANS 255 COMPUTE STATISTICS 
  STORAGE(INITIAL 65536 NEXT 1048576 MINEXTENTS 1 MAXEXTENTS 2147483645
  PCTINCREASE 0 FREELISTS 1 FREELIST GROUPS 1
  BUFFER_POOL DEFAULT FLASH_CACHE DEFAULT CELL_FLASH_CACHE DEFAULT)
  TABLESPACE "USERS"  ENABLE;
--------------------------------------------------------
--  Constraints for Table RESERVATION_TA
--------------------------------------------------------

  ALTER TABLE "AGENCIATA"."RESERVATION_TA" MODIFY ("IDRESERVATION" NOT NULL ENABLE);
  ALTER TABLE "AGENCIATA"."RESERVATION_TA" ADD CONSTRAINT "RESERVATION_TA_PK" PRIMARY KEY ("IDRESERVATION")
  USING INDEX PCTFREE 10 INITRANS 2 MAXTRANS 255 COMPUTE STATISTICS 
  STORAGE(INITIAL 65536 NEXT 1048576 MINEXTENTS 1 MAXEXTENTS 2147483645
  PCTINCREASE 0 FREELISTS 1 FREELIST GROUPS 1
  BUFFER_POOL DEFAULT FLASH_CACHE DEFAULT CELL_FLASH_CACHE DEFAULT)
  TABLESPACE "USERS"  ENABLE;
  ALTER TABLE "AGENCIATA"."RESERVATION_TA" MODIFY ("FK_IDUSER" NOT NULL ENABLE);
--------------------------------------------------------
--  Constraints for Table ROLEPERMISSION_TA
--------------------------------------------------------

  ALTER TABLE "AGENCIATA"."ROLEPERMISSION_TA" MODIFY ("IDROLEPERM" NOT NULL ENABLE);
--------------------------------------------------------
--  Constraints for Table ROLE_TA
--------------------------------------------------------

  ALTER TABLE "AGENCIATA"."ROLE_TA" MODIFY ("IDROLE" NOT NULL ENABLE);
  ALTER TABLE "AGENCIATA"."ROLE_TA" ADD CONSTRAINT "ROLE_TA_PK" PRIMARY KEY ("IDROLE")
  USING INDEX PCTFREE 10 INITRANS 2 MAXTRANS 255 COMPUTE STATISTICS 
  STORAGE(INITIAL 65536 NEXT 1048576 MINEXTENTS 1 MAXEXTENTS 2147483645
  PCTINCREASE 0 FREELISTS 1 FREELIST GROUPS 1
  BUFFER_POOL DEFAULT FLASH_CACHE DEFAULT CELL_FLASH_CACHE DEFAULT)
  TABLESPACE "USERS"  ENABLE;
--------------------------------------------------------
--  Constraints for Table ROOMS_TA
--------------------------------------------------------

  ALTER TABLE "AGENCIATA"."ROOMS_TA" MODIFY ("IDROOM" NOT NULL ENABLE);
  ALTER TABLE "AGENCIATA"."ROOMS_TA" ADD CONSTRAINT "ROOMS_PK" PRIMARY KEY ("IDROOM")
  USING INDEX PCTFREE 10 INITRANS 2 MAXTRANS 255 COMPUTE STATISTICS 
  STORAGE(INITIAL 65536 NEXT 1048576 MINEXTENTS 1 MAXEXTENTS 2147483645
  PCTINCREASE 0 FREELISTS 1 FREELIST GROUPS 1
  BUFFER_POOL DEFAULT FLASH_CACHE DEFAULT CELL_FLASH_CACHE DEFAULT)
  TABLESPACE "USERS"  ENABLE;
  ALTER TABLE "AGENCIATA"."ROOMS_TA" MODIFY ("FK_IDHOTEL" NOT NULL ENABLE);
  ALTER TABLE "AGENCIATA"."ROOMS_TA" MODIFY ("NAME" NOT NULL ENABLE);
  ALTER TABLE "AGENCIATA"."ROOMS_TA" MODIFY ("NO_PEOPLE" NOT NULL ENABLE);
  ALTER TABLE "AGENCIATA"."ROOMS_TA" MODIFY ("STATUS" NOT NULL ENABLE);
  ALTER TABLE "AGENCIATA"."ROOMS_TA" MODIFY ("PRICE" NOT NULL ENABLE);
--------------------------------------------------------
--  Constraints for Table USERS_TA
--------------------------------------------------------

  ALTER TABLE "AGENCIATA"."USERS_TA" MODIFY ("IDUSER" NOT NULL ENABLE);
  ALTER TABLE "AGENCIATA"."USERS_TA" ADD CONSTRAINT "USERS_TA_PK" PRIMARY KEY ("IDUSER")
  USING INDEX PCTFREE 10 INITRANS 2 MAXTRANS 255 COMPUTE STATISTICS 
  STORAGE(INITIAL 65536 NEXT 1048576 MINEXTENTS 1 MAXEXTENTS 2147483645
  PCTINCREASE 0 FREELISTS 1 FREELIST GROUPS 1
  BUFFER_POOL DEFAULT FLASH_CACHE DEFAULT CELL_FLASH_CACHE DEFAULT)
  TABLESPACE "USERS"  ENABLE;
--------------------------------------------------------
--  Ref Constraints for Table FLIGHTS_TA
--------------------------------------------------------

  ALTER TABLE "AGENCIATA"."FLIGHTS_TA" ADD CONSTRAINT "ORIGINCITIES" FOREIGN KEY ("FK_IDCITIE_ORIGIN")
	  REFERENCES "AGENCIATA"."CITIES_TA" ("ID_CITIE") ENABLE;
  ALTER TABLE "AGENCIATA"."FLIGHTS_TA" ADD CONSTRAINT "DESTINATIONCITIES" FOREIGN KEY ("FK_IDCITIE_DESTINATION")
	  REFERENCES "AGENCIATA"."CITIES_TA" ("ID_CITIE") ENABLE;
  ALTER TABLE "AGENCIATA"."FLIGHTS_TA" ADD CONSTRAINT "AIRLINEFLIGHT" FOREIGN KEY ("FK_IDAIRLINE")
	  REFERENCES "AGENCIATA"."AIRLINE_TA" ("ID_AIRLINE") ENABLE;
--------------------------------------------------------
--  Ref Constraints for Table HOTELS_TA
--------------------------------------------------------

  ALTER TABLE "AGENCIATA"."HOTELS_TA" ADD CONSTRAINT "CITY_DESTINATION" FOREIGN KEY ("CITY_DESTINATION")
	  REFERENCES "AGENCIATA"."CITIES_TA" ("ID_CITIE") ENABLE;
--------------------------------------------------------
--  Ref Constraints for Table RESERVATION_TA
--------------------------------------------------------

  ALTER TABLE "AGENCIATA"."RESERVATION_TA" ADD CONSTRAINT "USERCREATE" FOREIGN KEY ("FK_IDUSER")
	  REFERENCES "AGENCIATA"."USERS_TA" ("IDUSER") ENABLE;
  ALTER TABLE "AGENCIATA"."RESERVATION_TA" ADD CONSTRAINT "FLIGHTSRESERVAION" FOREIGN KEY ("FK_IDFLIGHTS")
	  REFERENCES "AGENCIATA"."FLIGHTS_TA" ("ID_FLIGHTS") ENABLE;
  ALTER TABLE "AGENCIATA"."RESERVATION_TA" ADD CONSTRAINT "ROOMRESERVATION" FOREIGN KEY ("FK_IDROOM")
	  REFERENCES "AGENCIATA"."ROOMS_TA" ("IDROOM") ENABLE;
--------------------------------------------------------
--  Ref Constraints for Table ROOMS_TA
--------------------------------------------------------

  ALTER TABLE "AGENCIATA"."ROOMS_TA" ADD CONSTRAINT "ROOMSHOTEL" FOREIGN KEY ("FK_IDHOTEL")
	  REFERENCES "AGENCIATA"."HOTELS_TA" ("IDHOTEL") ENABLE;
--------------------------------------------------------
--  Ref Constraints for Table USERS_TA
--------------------------------------------------------

  ALTER TABLE "AGENCIATA"."USERS_TA" ADD CONSTRAINT "ROLEUSER" FOREIGN KEY ("FK_IDROLE")
	  REFERENCES "AGENCIATA"."ROLE_TA" ("IDROLE") ENABLE;
